image_3000.jpg,Afritada/Kaldereta
image_3001.jpg,Afritada/Kaldereta
image_3002.jpg,Afritada/Kaldereta
image_3003.jpg,Afritada/Kaldereta
image_3004.jpg,Afritada/Kaldereta
image_3005.jpg,Afritada/Kaldereta
image_3006.jpg,Afritada/Kaldereta
image_3007.jpg,Afritada/Kaldereta
image_3008.jpg,Afritada/Kaldereta
image_3009.jpg,Afritada/Kaldereta
image_3010.jpg,Afritada/Kaldereta
image_3011.jpg,Afritada/Kaldereta
image_3012.jpg,Afritada/Kaldereta
image_3013.jpg,Afritada/Kaldereta
image_3014.jpg,Afritada/Kaldereta
image_3015.jpg,Afritada/Kaldereta
image_3016.jpg,Afritada/Kaldereta
image_3017.jpg,Afritada/Kaldereta
image_3018.jpg,Afritada/Kaldereta
image_3019.jpg,Afritada/Kaldereta
image_3020.jpg,Afritada/Kaldereta
image_3021.jpg,Afritada/Kaldereta
image_3022.jpg,Afritada/Kaldereta
image_3023.jpg,Afritada/Kaldereta
image_3024.jpg,Afritada/Kaldereta
image_3025.jpg,Afritada/Kaldereta
image_3026.jpg,Afritada/Kaldereta
image_3027.jpg,Afritada/Kaldereta
image_3028.jpg,Afritada/Kaldereta
image_3029.jpg,Afritada/Kaldereta
image_3030.jpg,Afritada/Kaldereta
image_3031.jpg,Afritada/Kaldereta
image_3032.jpg,Afritada/Kaldereta
image_3033.jpg,Afritada/Kaldereta
image_3034.jpg,Afritada/Kaldereta
image_3035.jpg,Afritada/Kaldereta
image_3036.jpg,Afritada/Kaldereta
image_3037.jpg,Afritada/Kaldereta
image_3038.jpg,Afritada/Kaldereta
image_3039.jpg,Afritada/Kaldereta
image_3040.jpg,Afritada/Kaldereta
image_3041.jpg,Afritada/Kaldereta
image_3042.jpg,Afritada/Kaldereta
image_3043.jpg,Afritada/Kaldereta
image_3044.jpg,Afritada/Kaldereta
image_3045.jpg,Afritada/Kaldereta
image_3046.jpg,Afritada/Kaldereta
image_3047.jpg,Afritada/Kaldereta
image_3048.jpg,Afritada/Kaldereta
image_3049.jpg,Afritada/Kaldereta
image_3050.jpg,Afritada/Kaldereta
image_3051.jpg,Afritada/Kaldereta
image_3052.jpg,Afritada/Kaldereta
image_3053.jpg,Afritada/Kaldereta
image_3054.jpg,Afritada/Kaldereta
image_3055.jpg,Afritada/Kaldereta
image_3056.jpg,Afritada/Kaldereta
image_3057.jpg,Afritada/Kaldereta
image_3058.jpg,Afritada/Kaldereta
image_3059.jpg,Afritada/Kaldereta
image_3060.jpg,Afritada/Kaldereta
image_3061.jpg,Afritada/Kaldereta
image_3062.jpg,Afritada/Kaldereta
image_3063.jpg,Afritada/Kaldereta
image_3064.jpg,Afritada/Kaldereta
image_3065.jpg,Afritada/Kaldereta
image_3066.jpg,Afritada/Kaldereta
image_3067.jpg,Afritada/Kaldereta
image_3068.jpg,Afritada/Kaldereta
image_3069.jpg,Afritada/Kaldereta
image_3070.jpg,Afritada/Kaldereta
image_3071.jpg,Afritada/Kaldereta
image_3072.jpg,Afritada/Kaldereta
image_3073.jpg,Afritada/Kaldereta
image_3074.jpg,Afritada/Kaldereta
image_3075.jpg,Afritada/Kaldereta
image_3076.jpg,Afritada/Kaldereta
image_3077.jpg,Afritada/Kaldereta
image_3078.jpg,Afritada/Kaldereta
image_3079.jpg,Afritada/Kaldereta
