image_3080.jpg,Arroz Caldo
image_3081.jpg,Arroz Caldo
image_3082.jpg,Arroz Caldo
image_3083.jpg,Arroz Caldo
image_3084.jpg,Arroz Caldo
image_3085.jpg,Arroz Caldo
image_3086.jpg,Arroz Caldo
image_3087.jpg,Arroz Caldo
image_3088.jpg,Arroz Caldo
image_3089.jpg,Arroz Caldo
image_3090.jpg,Arroz Caldo
image_3091.jpg,Arroz Caldo
image_3092.jpg,Arroz Caldo
image_3093.jpg,Arroz Caldo
image_3094.jpg,Arroz Caldo
image_3095.jpg,Arroz Caldo
image_3096.jpg,Arroz Caldo
image_3097.jpg,Arroz Caldo
image_3098.jpg,Arroz Caldo
image_3099.jpg,Arroz Caldo
image_3100.jpg,Arroz Caldo
image_3101.jpg,Arroz Caldo
image_3102.jpg,Arroz Caldo
image_3103.jpg,Arroz Caldo
image_3104.jpg,Arroz Caldo
image_3105.jpg,Arroz Caldo
image_3106.jpg,Arroz Caldo
image_3107.jpg,Arroz Caldo
image_3108.jpg,Arroz Caldo
image_3109.jpg,Arroz Caldo
image_3110.jpg,Arroz Caldo
image_3111.jpg,Arroz Caldo
image_3112.jpg,Arroz Caldo
image_3113.jpg,Arroz Caldo
image_3114.jpg,Arroz Caldo
image_3115.jpg,Arroz Caldo
image_3116.jpg,Arroz Caldo
image_3117.jpg,Arroz Caldo
image_3118.jpg,Arroz Caldo
image_3119.jpg,Arroz Caldo
image_3120.jpg,Arroz Caldo
image_3121.jpg,Arroz Caldo
image_3122.jpg,Arroz Caldo
image_3123.jpg,Arroz Caldo
image_3124.jpg,Arroz Caldo
image_3125.jpg,Arroz Caldo
image_3126.jpg,Arroz Caldo
image_3127.jpg,Arroz Caldo
image_3128.jpg,Arroz Caldo
image_3129.jpg,Arroz Caldo
image_3130.jpg,Arroz Caldo
image_3131.jpg,Arroz Caldo
image_3132.jpg,Arroz Caldo
image_3133.jpg,Arroz Caldo
image_3134.jpg,Arroz Caldo
image_3135.jpg,Arroz Caldo
image_3136.jpg,Arroz Caldo
image_3137.jpg,Arroz Caldo
image_3138.jpg,Arroz Caldo
image_3139.jpg,Arroz Caldo
image_3140.jpg,Arroz Caldo
image_3141.jpg,Arroz Caldo
image_3142.jpg,Arroz Caldo
image_3143.jpg,Arroz Caldo
image_3144.jpg,Arroz Caldo
image_3145.jpg,Arroz Caldo
image_3146.jpg,Arroz Caldo
image_3147.jpg,Arroz Caldo
image_3148.jpg,Arroz Caldo
image_3149.jpg,Arroz Caldo
image_3150.jpg,Arroz Caldo
image_3151.jpg,Arroz Caldo
image_3152.jpg,Arroz Caldo
image_3153.jpg,Arroz Caldo
image_3154.jpg,Arroz Caldo
image_3155.jpg,Arroz Caldo
image_3156.jpg,Arroz Caldo
image_3157.jpg,Arroz Caldo
image_3158.jpg,Arroz Caldo
image_3159.jpg,Arroz Caldo
