image_3223.jpg,Bagnet_Crispy Pata
image_3224.jpg,Bagnet_Crispy Pata
image_3225.jpg,Bagnet_Crispy Pata
image_3226.jpg,Bagnet_Crispy Pata
image_3227.jpg,Bagnet_Crispy Pata
image_3228.jpg,Bagnet_Crispy Pata
image_3229.jpg,Bagnet_Crispy Pata
image_3230.jpg,Bagnet_Crispy Pata
image_3231.jpg,Bagnet_Crispy Pata
image_3232.jpg,Bagnet_Crispy Pata
image_3233.jpg,Bagnet_Crispy Pata
image_3234.jpg,Bagnet_Crispy Pata
image_3235.jpg,Bagnet_Crispy Pata
image_3236.jpg,Bagnet_Crispy Pata
image_3237.jpg,Bagnet_Crispy Pata
image_3238.jpg,Bagnet_Crispy Pata
image_3239.jpg,Bagnet_Crispy Pata
image_3240.jpg,Bagnet_Crispy Pata
image_3241.jpg,Bagnet_Crispy Pata
image_3242.jpg,Bagnet_Crispy Pata
image_3243.jpg,Bagnet_Crispy Pata
image_3244.jpg,Bagnet_Crispy Pata
image_3245.jpg,Bagnet_Crispy Pata
image_3246.jpg,Bagnet_Crispy Pata
image_3247.jpg,Bagnet_Crispy Pata
image_3248.jpg,Bagnet_Crispy Pata
image_3249.jpg,Bagnet_Crispy Pata
image_3250.jpg,Bagnet_Crispy Pata
image_3251.jpg,Bagnet_Crispy Pata
image_3252.jpg,Bagnet_Crispy Pata
image_3253.jpg,Bagnet_Crispy Pata
image_3254.jpg,Bagnet_Crispy Pata
image_3255.jpg,Bagnet_Crispy Pata
image_3256.jpg,Bagnet_Crispy Pata
image_3257.jpg,Bagnet_Crispy Pata
image_3258.jpg,Bagnet_Crispy Pata
image_3259.jpg,Bagnet_Crispy Pata
image_3260.jpg,Bagnet_Crispy Pata
image_3261.jpg,Bagnet_Crispy Pata
image_3262.jpg,Bagnet_Crispy Pata
image_3263.jpg,Bagnet_Crispy Pata
image_3264.jpg,Bagnet_Crispy Pata
image_3265.jpg,Bagnet_Crispy Pata
image_3266.jpg,Bagnet_Crispy Pata
image_3267.jpg,Bagnet_Crispy Pata
image_3268.jpg,Bagnet_Crispy Pata
image_3269.jpg,Bagnet_Crispy Pata
image_3270.jpg,Bagnet_Crispy Pata
image_3271.jpg,Bagnet_Crispy Pata
image_3272.jpg,Bagnet_Crispy Pata
image_3273.jpg,Bagnet_Crispy Pata
image_3274.jpg,Bagnet_Crispy Pata
image_3275.jpg,Bagnet_Crispy Pata
image_3276.jpg,Bagnet_Crispy Pata
image_3277.jpg,Bagnet_Crispy Pata
image_3278.jpg,Bagnet_Crispy Pata
image_3279.jpg,Bagnet_Crispy Pata
image_3280.jpg,Bagnet_Crispy Pata
image_3281.jpg,Bagnet_Crispy Pata
image_3282.jpg,Bagnet_Crispy Pata
image_3283.jpg,Bagnet_Crispy Pata
image_3284.jpg,Bagnet_Crispy Pata
image_3285.jpg,Bagnet_Crispy Pata
image_3286.jpg,Bagnet_Crispy Pata
image_3287.jpg,Bagnet_Crispy Pata
image_3288.jpg,Bagnet_Crispy Pata
image_3289.jpg,Bagnet_Crispy Pata
image_3290.jpg,Bagnet_Crispy Pata
image_3291.jpg,Bagnet_Crispy Pata
image_3292.jpg,Bagnet_Crispy Pata
image_3293.jpg,Bagnet_Crispy Pata
image_3294.jpg,Bagnet_Crispy Pata
image_3295.jpg,Bagnet_Crispy Pata
image_3296.jpg,Bagnet_Crispy Pata
image_3297.jpg,Bagnet_Crispy Pata
image_3298.jpg,Bagnet_Crispy Pata
image_3299.jpg,Bagnet_Crispy Pata
image_3300.jpg,Bagnet_Crispy Pata
image_3301.jpg,Bagnet_Crispy Pata
image_3302.jpg,Bagnet_Crispy Pata
