image_3303.jpg,Balut
image_3304.jpg,Balut
image_3305.jpg,Balut
image_3306.jpg,Balut
image_3307.jpg,Balut
image_3308.jpg,Balut
image_3309.jpg,Balut
image_3310.jpg,Balut
image_3311.jpg,Balut
image_3312.jpg,Balut
image_3313.jpg,Balut
image_3314.jpg,Balut
image_3315.jpg,Balut
image_3316.jpg,Balut
image_3317.jpg,Balut
image_3318.jpg,Balut
image_3319.jpg,Balut
image_3320.jpg,Balut
image_3321.jpg,Balut
image_3322.jpg,Balut
image_3323.jpg,Balut
image_3324.jpg,Balut
image_3325.jpg,Balut
image_3326.jpg,Balut
image_3327.jpg,Balut
image_3328.jpg,Balut
image_3329.jpg,Balut
image_3330.jpg,Balut
image_3331.jpg,Balut
image_3332.jpg,Balut
image_3333.jpg,Balut
image_3334.jpg,Balut
image_3335.jpg,Balut
image_3336.jpg,Balut
image_3337.jpg,Balut
image_3338.jpg,Balut
image_3339.jpg,Balut
image_3340.jpg,Balut
image_3341.jpg,Balut
image_3342.jpg,Balut
image_3343.jpg,Balut
image_3344.jpg,Balut
image_3345.jpg,Balut
image_3346.jpg,Balut
image_3347.jpg,Balut
image_3348.jpg,Balut
image_3349.jpg,Balut
image_3350.jpg,Balut
image_3351.jpg,Balut
image_3352.jpg,Balut
image_3353.jpg,Balut
image_3354.jpg,Balut
image_3355.jpg,Balut
image_3356.jpg,Balut
image_3357.jpg,Balut
image_3358.jpg,Balut
image_3359.jpg,Balut
image_3360.jpg,Balut
image_3361.jpg,Balut
image_3362.jpg,Balut
image_3363.jpg,Balut
image_3364.jpg,Balut
image_3365.jpg,Balut
image_3366.jpg,Balut
image_3367.jpg,Balut
image_3368.jpg,Balut
image_3369.jpg,Balut
image_3370.jpg,Balut
image_3371.jpg,Balut
image_3372.jpg,Balut
image_3373.jpg,Balut
image_3374.jpg,Balut
image_3375.jpg,Balut
image_3376.jpg,Balut
image_3377.jpg,Balut
image_3378.jpg,Balut
image_3379.jpg,Balut
image_3380.jpg,Balut
image_3381.jpg,Balut
image_3382.jpg,Balut
