image_3383.jpg,Bibingka
image_3384.jpg,Bibingka
image_3385.jpg,Bibingka
image_3386.jpg,Bibingka
image_3387.jpg,Bibingka
image_3388.jpg,Bibingka
image_3389.jpg,Bibingka
image_3390.jpg,Bibingka
image_3391.jpg,Bibingka
image_3392.jpg,Bibingka
image_3393.jpg,Bibingka
image_3394.jpg,Bibingka
image_3395.jpg,Bibingka
image_3396.jpg,Bibingka
image_3397.jpg,Bibingka
image_3398.jpg,Bibingka
image_3399.jpg,Bibingka
image_3400.jpg,Bibingka
image_3401.jpg,Bibingka
image_3402.jpg,Bibingka
image_3403.jpg,Bibingka
image_3404.jpg,Bibingka
image_3405.jpg,Bibingka
image_3406.jpg,Bibingka
image_3407.jpg,Bibingka
image_3408.jpg,Bibingka
image_3409.jpg,Bibingka
image_3410.jpg,Bibingka
image_3411.jpg,Bibingka
image_3412.jpg,Bibingka
image_3413.jpg,Bibingka
image_3414.jpg,Bibingka
image_3415.jpg,Bibingka
image_3416.jpg,Bibingka
image_3417.jpg,Bibingka
image_3418.jpg,Bibingka
image_3419.jpg,Bibingka
image_3420.jpg,Bibingka
image_3421.jpg,Bibingka
image_3422.jpg,Bibingka
image_3423.jpg,Bibingka
image_3424.jpg,Bibingka
image_3425.jpg,Bibingka
image_3426.jpg,Bibingka
image_3427.jpg,Bibingka
image_3428.jpg,Bibingka
image_3429.jpg,Bibingka
image_3430.jpg,Bibingka
image_3431.jpg,Bibingka
image_3432.jpg,Bibingka
image_3433.jpg,Bibingka
image_3434.jpg,Bibingka
image_3435.jpg,Bibingka
image_3436.jpg,Bibingka
image_3437.jpg,Bibingka
image_3438.jpg,Bibingka
image_3439.jpg,Bibingka
image_3440.jpg,Bibingka
image_3441.jpg,Bibingka
image_3442.jpg,Bibingka
image_3443.jpg,Bibingka
image_3444.jpg,Bibingka
image_3445.jpg,Bibingka
image_3446.jpg,Bibingka
image_3447.jpg,Bibingka
image_3448.jpg,Bibingka
image_3449.jpg,Bibingka
image_3450.jpg,Bibingka
image_3451.jpg,Bibingka
image_3452.jpg,Bibingka
image_3453.jpg,Bibingka
image_3454.jpg,Bibingka
image_3455.jpg,Bibingka
image_3456.jpg,Bibingka
image_3457.jpg,Bibingka
image_3458.jpg,Bibingka
image_3459.jpg,Bibingka
image_3460.jpg,Bibingka
image_3461.jpg,Bibingka
image_3462.jpg,Bibingka
