image_3463.jpg,Bicol Express
image_3464.jpg,Bicol Express
image_3465.jpg,Bicol Express
image_3466.jpg,Bicol Express
image_3467.jpg,Bicol Express
image_3468.jpg,Bicol Express
image_3469.jpg,Bicol Express
image_3470.jpg,Bicol Express
image_3471.jpg,Bicol Express
image_3472.jpg,Bicol Express
image_3473.jpg,Bicol Express
image_3474.jpg,Bicol Express
image_3475.jpg,Bicol Express
image_3476.jpg,Bicol Express
image_3477.jpg,Bicol Express
image_3478.jpg,Bicol Express
image_3479.jpg,Bicol Express
image_3480.jpg,Bicol Express
image_3481.jpg,Bicol Express
image_3482.jpg,Bicol Express
image_3483.jpg,Bicol Express
image_3484.jpg,Bicol Express
image_3485.jpg,Bicol Express
image_3486.jpg,Bicol Express
image_3487.jpg,Bicol Express
image_3488.jpg,Bicol Express
image_3489.jpg,Bicol Express
image_3490.jpg,Bicol Express
image_3491.jpg,Bicol Express
image_3492.jpg,Bicol Express
image_3493.jpg,Bicol Express
image_3494.jpg,Bicol Express
image_3495.jpg,Bicol Express
image_3496.jpg,Bicol Express
image_3497.jpg,Bicol Express
image_3498.jpg,Bicol Express
image_3499.jpg,Bicol Express
image_3500.jpg,Bicol Express
image_3501.jpg,Bicol Express
image_3502.jpg,Bicol Express
image_3503.jpg,Bicol Express
image_3504.jpg,Bicol Express
image_3505.jpg,Bicol Express
image_3506.jpg,Bicol Express
image_3507.jpg,Bicol Express
image_3508.jpg,Bicol Express
image_3509.jpg,Bicol Express
image_3510.jpg,Bicol Express
image_3511.jpg,Bicol Express
image_3512.jpg,Bicol Express
image_3513.jpg,Bicol Express
image_3514.jpg,Bicol Express
image_3515.jpg,Bicol Express
image_3516.jpg,Bicol Express
image_3517.jpg,Bicol Express
image_3518.jpg,Bicol Express
image_3519.jpg,Bicol Express
image_3520.jpg,Bicol Express
image_3521.jpg,Bicol Express
image_3522.jpg,Bicol Express
image_3523.jpg,Bicol Express
image_3524.jpg,Bicol Express
image_3525.jpg,Bicol Express
image_3526.jpg,Bicol Express
image_3527.jpg,Bicol Express
image_3528.jpg,Bicol Express
image_3529.jpg,Bicol Express
image_3530.jpg,Bicol Express
image_3531.jpg,Bicol Express
image_3532.jpg,Bicol Express
image_3533.jpg,Bicol Express
image_3534.jpg,Bicol Express
image_3535.jpg,Bicol Express
image_3536.jpg,Bicol Express
image_3537.jpg,Bicol Express
image_3538.jpg,Bicol Express
image_3539.jpg,Bicol Express
image_3540.jpg,Bicol Express
image_3541.jpg,Bicol Express
image_3542.jpg,Bicol Express
