image_3543.jpg,Bistek Tagalog
image_3544.jpg,Bistek Tagalog
image_3545.jpg,Bistek Tagalog
image_3546.jpg,Bistek Tagalog
image_3547.jpg,Bistek Tagalog
image_3548.jpg,Bistek Tagalog
image_3549.jpg,Bistek Tagalog
image_3550.jpg,Bistek Tagalog
image_3551.jpg,Bistek Tagalog
image_3552.jpg,Bistek Tagalog
image_3553.jpg,Bistek Tagalog
image_3554.jpg,Bistek Tagalog
image_3555.jpg,Bistek Tagalog
image_3556.jpg,Bistek Tagalog
image_3557.jpg,Bistek Tagalog
image_3558.jpg,Bistek Tagalog
image_3559.jpg,Bistek Tagalog
image_3560.jpg,Bistek Tagalog
image_3561.jpg,Bistek Tagalog
image_3562.jpg,Bistek Tagalog
image_3563.jpg,Bistek Tagalog
image_3564.jpg,Bistek Tagalog
image_3565.jpg,Bistek Tagalog
image_3566.jpg,Bistek Tagalog
image_3567.jpg,Bistek Tagalog
image_3568.jpg,Bistek Tagalog
image_3569.jpg,Bistek Tagalog
image_3570.jpg,Bistek Tagalog
image_3571.jpg,Bistek Tagalog
image_3572.jpg,Bistek Tagalog
image_3573.jpg,Bistek Tagalog
image_3574.jpg,Bistek Tagalog
image_3575.jpg,Bistek Tagalog
image_3576.jpg,Bistek Tagalog
image_3577.jpg,Bistek Tagalog
image_3578.jpg,Bistek Tagalog
image_3579.jpg,Bistek Tagalog
image_3580.jpg,Bistek Tagalog
image_3581.jpg,Bistek Tagalog
image_3582.jpg,Bistek Tagalog
image_3583.jpg,Bistek Tagalog
image_3584.jpg,Bistek Tagalog
image_3585.jpg,Bistek Tagalog
image_3586.jpg,Bistek Tagalog
image_3587.jpg,Bistek Tagalog
image_3588.jpg,Bistek Tagalog
image_3589.jpg,Bistek Tagalog
image_3590.jpg,Bistek Tagalog
image_3591.jpg,Bistek Tagalog
image_3592.jpg,Bistek Tagalog
image_3593.jpg,Bistek Tagalog
image_3594.jpg,Bistek Tagalog
image_3595.jpg,Bistek Tagalog
image_3596.jpg,Bistek Tagalog
image_3597.jpg,Bistek Tagalog
image_3598.jpg,Bistek Tagalog
image_3599.jpg,Bistek Tagalog
image_3600.jpg,Bistek Tagalog
image_3601.jpg,Bistek Tagalog
image_3602.jpg,Bistek Tagalog
image_3603.jpg,Bistek Tagalog
image_3604.jpg,Bistek Tagalog
image_3605.jpg,Bistek Tagalog
image_3606.jpg,Bistek Tagalog
image_3607.jpg,Bistek Tagalog
image_3608.jpg,Bistek Tagalog
image_3609.jpg,Bistek Tagalog
image_3610.jpg,Bistek Tagalog
image_3611.jpg,Bistek Tagalog
image_3612.jpg,Bistek Tagalog
image_3613.jpg,Bistek Tagalog
image_3614.jpg,Bistek Tagalog
image_3615.jpg,Bistek Tagalog
image_3616.jpg,Bistek Tagalog
image_3617.jpg,Bistek Tagalog
image_3618.jpg,Bistek Tagalog
image_3619.jpg,Bistek Tagalog
image_3620.jpg,Bistek Tagalog
image_3621.jpg,Bistek Tagalog
image_3622.jpg,Bistek Tagalog
