image_3623.jpg,Bulalo
image_3624.jpg,Bulalo
image_3625.jpg,Bulalo
image_3626.jpg,Bulalo
image_3627.jpg,Bulalo
image_3628.jpg,Bulalo
image_3629.jpg,Bulalo
image_3630.jpg,Bulalo
image_3631.jpg,Bulalo
image_3632.jpg,Bulalo
image_3633.jpg,Bulalo
image_3634.jpg,Bulalo
image_3635.jpg,Bulalo
image_3636.jpg,Bulalo
image_3637.jpg,Bulalo
image_3638.jpg,Bulalo
image_3639.jpg,Bulalo
image_3640.jpg,Bulalo
image_3641.jpg,Bulalo
image_3642.jpg,Bulalo
image_3643.jpg,Bulalo
image_3644.jpg,Bulalo
image_3645.jpg,Bulalo
image_3646.jpg,Bulalo
image_3647.jpg,Bulalo
image_3648.jpg,Bulalo
image_3649.jpg,Bulalo
image_3650.jpg,Bulalo
image_3651.jpg,Bulalo
image_3652.jpg,Bulalo
image_3653.jpg,Bulalo
image_3654.jpg,Bulalo
image_3655.jpg,Bulalo
image_3656.jpg,Bulalo
image_3657.jpg,Bulalo
image_3658.jpg,Bulalo
image_3659.jpg,Bulalo
image_3660.jpg,Bulalo
image_3661.jpg,Bulalo
image_3662.jpg,Bulalo
image_3663.jpg,Bulalo
image_3664.jpg,Bulalo
image_3665.jpg,Bulalo
image_3666.jpg,Bulalo
image_3667.jpg,Bulalo
image_3668.jpg,Bulalo
image_3669.jpg,Bulalo
image_3670.jpg,Bulalo
image_3671.jpg,Bulalo
image_3672.jpg,Bulalo
image_3673.jpg,Bulalo
image_3674.jpg,Bulalo
image_3675.jpg,Bulalo
image_3676.jpg,Bulalo
image_3677.jpg,Bulalo
image_3678.jpg,Bulalo
image_3679.jpg,Bulalo
image_3680.jpg,Bulalo
image_3681.jpg,Bulalo
image_3682.jpg,Bulalo
image_3683.jpg,Bulalo
image_3684.jpg,Bulalo
image_3685.jpg,Bulalo
image_3686.jpg,Bulalo
image_3687.jpg,Bulalo
image_3688.jpg,Bulalo
image_3689.jpg,Bulalo
image_3690.jpg,Bulalo
image_3691.jpg,Bulalo
image_3692.jpg,Bulalo
image_3693.jpg,Bulalo
image_3694.jpg,Bulalo
image_3695.jpg,Bulalo
image_3696.jpg,Bulalo
image_3697.jpg,Bulalo
image_3698.jpg,Bulalo
image_3699.jpg,Bulalo
image_3700.jpg,Bulalo
image_3701.jpg,Bulalo
image_3702.jpg,Bulalo
