image_3703.jpg,Champorado
image_3704.jpg,Champorado
image_3705.jpg,Champorado
image_3706.jpg,Champorado
image_3707.jpg,Champorado
image_3708.jpg,Champorado
image_3709.jpg,Champorado
image_3710.jpg,Champorado
image_3711.jpg,Champorado
image_3712.jpg,Champorado
image_3713.jpg,Champorado
image_3714.jpg,Champorado
image_3715.jpg,Champorado
image_3716.jpg,Champorado
image_3717.jpg,Champorado
image_3718.jpg,Champorado
image_3719.jpg,Champorado
image_3720.jpg,Champorado
image_3721.jpg,Champorado
image_3722.jpg,Champorado
image_3723.jpg,Champorado
image_3724.jpg,Champorado
image_3725.jpg,Champorado
image_3726.jpg,Champorado
image_3727.jpg,Champorado
image_3728.jpg,Champorado
image_3729.jpg,Champorado
image_3730.jpg,Champorado
image_3731.jpg,Champorado
image_3732.jpg,Champorado
image_3733.jpg,Champorado
image_3734.jpg,Champorado
image_3735.jpg,Champorado
image_3736.jpg,Champorado
image_3737.jpg,Champorado
image_3738.jpg,Champorado
image_3739.jpg,Champorado
image_3740.jpg,Champorado
image_3741.jpg,Champorado
image_3742.jpg,Champorado
image_3743.jpg,Champorado
image_3744.jpg,Champorado
image_3745.jpg,Champorado
image_3746.jpg,Champorado
image_3747.jpg,Champorado
image_3748.jpg,Champorado
image_3749.jpg,Champorado
image_3750.jpg,Champorado
image_3751.jpg,Champorado
image_3752.jpg,Champorado
image_3753.jpg,Champorado
image_3754.jpg,Champorado
image_3755.jpg,Champorado
image_3756.jpg,Champorado
image_3757.jpg,Champorado
image_3758.jpg,Champorado
image_3759.jpg,Champorado
image_3760.jpg,Champorado
image_3761.jpg,Champorado
image_3762.jpg,Champorado
image_3763.jpg,Champorado
image_3764.jpg,Champorado
image_3765.jpg,Champorado
image_3766.jpg,Champorado
image_3767.jpg,Champorado
image_3768.jpg,Champorado
image_3769.jpg,Champorado
image_3770.jpg,Champorado
image_3771.jpg,Champorado
image_3772.jpg,Champorado
image_3773.jpg,Champorado
image_3774.jpg,Champorado
image_3775.jpg,Champorado
image_3776.jpg,Champorado
image_3777.jpg,Champorado
image_3778.jpg,Champorado
image_3779.jpg,Champorado
image_3780.jpg,Champorado
image_3781.jpg,Champorado
image_3782.jpg,Champorado
