image_3858.jpg,Chicharon
image_3859.jpg,Chicharon
image_3860.jpg,Chicharon
image_3861.jpg,Chicharon
image_3862.jpg,Chicharon
image_3863.jpg,Chicharon
image_3864.jpg,Chicharon
image_3865.jpg,Chicharon
image_3866.jpg,Chicharon
image_3867.jpg,Chicharon
image_3868.jpg,Chicharon
image_3869.jpg,Chicharon
image_3870.jpg,Chicharon
image_3871.jpg,Chicharon
image_3872.jpg,Chicharon
image_3873.jpg,Chicharon
image_3874.jpg,Chicharon
image_3875.jpg,Chicharon
image_3876.jpg,Chicharon
image_3877.jpg,Chicharon
image_3878.jpg,Chicharon
image_3879.jpg,Chicharon
image_3880.jpg,Chicharon
image_3881.jpg,Chicharon
image_3882.jpg,Chicharon
image_3883.jpg,Chicharon
image_3884.jpg,Chicharon
image_3885.jpg,Chicharon
image_3886.jpg,Chicharon
image_3887.jpg,Chicharon
image_3888.jpg,Chicharon
image_3889.jpg,Chicharon
image_3890.jpg,Chicharon
image_3891.jpg,Chicharon
image_3892.jpg,Chicharon
image_3893.jpg,Chicharon
image_3894.jpg,Chicharon
image_3895.jpg,Chicharon
image_3896.jpg,Chicharon
image_3897.jpg,Chicharon
image_3898.jpg,Chicharon
image_3899.jpg,Chicharon
image_3900.jpg,Chicharon
image_3901.jpg,Chicharon
image_3902.jpg,Chicharon
image_3903.jpg,Chicharon
image_3904.jpg,Chicharon
image_3905.jpg,Chicharon
image_3906.jpg,Chicharon
image_3907.jpg,Chicharon
image_3908.jpg,Chicharon
image_3909.jpg,Chicharon
image_3910.jpg,Chicharon
image_3911.jpg,Chicharon
image_3912.jpg,Chicharon
image_3913.jpg,Chicharon
image_3914.jpg,Chicharon
image_3915.jpg,Chicharon
image_3916.jpg,Chicharon
image_3917.jpg,Chicharon
image_3918.jpg,Chicharon
image_3919.jpg,Chicharon
image_3920.jpg,Chicharon
image_3921.jpg,Chicharon
image_3922.jpg,Chicharon
image_3923.jpg,Chicharon
image_3924.jpg,Chicharon
image_3925.jpg,Chicharon
image_3926.jpg,Chicharon
image_3927.jpg,Chicharon
image_3928.jpg,Chicharon
image_3929.jpg,Chicharon
image_3930.jpg,Chicharon
image_3931.jpg,Chicharon
image_3932.jpg,Chicharon
image_3933.jpg,Chicharon
image_3934.jpg,Chicharon
image_3935.jpg,Chicharon
image_3936.jpg,Chicharon
image_3937.jpg,Chicharon
