image_3938.jpg,Chicken Adobo
image_3939.jpg,Chicken Adobo
image_3940.jpg,Chicken Adobo
image_3941.jpg,Chicken Adobo
image_3942.jpg,Chicken Adobo
image_3943.jpg,Chicken Adobo
image_3944.jpg,Chicken Adobo
image_3945.jpg,Chicken Adobo
image_3946.jpg,Chicken Adobo
image_3947.jpg,Chicken Adobo
image_3948.jpg,Chicken Adobo
image_3949.jpg,Chicken Adobo
image_3950.jpg,Chicken Adobo
image_3951.jpg,Chicken Adobo
image_3952.jpg,Chicken Adobo
image_3953.jpg,Chicken Adobo
image_3954.jpg,Chicken Adobo
image_3955.jpg,Chicken Adobo
image_3956.jpg,Chicken Adobo
image_3957.jpg,Chicken Adobo
image_3958.jpg,Chicken Adobo
image_3959.jpg,Chicken Adobo
image_3960.jpg,Chicken Adobo
image_3961.jpg,Chicken Adobo
image_3962.jpg,Chicken Adobo
image_3963.jpg,Chicken Adobo
image_3964.jpg,Chicken Adobo
image_3965.jpg,Chicken Adobo
image_3966.jpg,Chicken Adobo
image_3967.jpg,Chicken Adobo
image_3968.jpg,Chicken Adobo
image_3969.jpg,Chicken Adobo
image_3970.jpg,Chicken Adobo
image_3971.jpg,Chicken Adobo
image_3972.jpg,Chicken Adobo
image_3973.jpg,Chicken Adobo
image_3974.jpg,Chicken Adobo
image_3975.jpg,Chicken Adobo
image_3976.jpg,Chicken Adobo
image_3977.jpg,Chicken Adobo
image_3978.jpg,Chicken Adobo
image_3979.jpg,Chicken Adobo
image_3980.jpg,Chicken Adobo
image_3981.jpg,Chicken Adobo
image_3982.jpg,Chicken Adobo
image_3983.jpg,Chicken Adobo
image_3984.jpg,Chicken Adobo
image_3985.jpg,Chicken Adobo
image_3986.jpg,Chicken Adobo
image_3987.jpg,Chicken Adobo
image_3988.jpg,Chicken Adobo
image_3989.jpg,Chicken Adobo
image_3990.jpg,Chicken Adobo
image_3991.jpg,Chicken Adobo
image_3992.jpg,Chicken Adobo
image_3993.jpg,Chicken Adobo
image_3994.jpg,Chicken Adobo
image_3995.jpg,Chicken Adobo
image_3996.jpg,Chicken Adobo
image_3997.jpg,Chicken Adobo
image_3998.jpg,Chicken Adobo
image_3999.jpg,Chicken Adobo
image_4000.jpg,Chicken Adobo
image_4001.jpg,Chicken Adobo
image_4002.jpg,Chicken Adobo
image_4003.jpg,Chicken Adobo
image_4004.jpg,Chicken Adobo
image_4005.jpg,Chicken Adobo
image_4006.jpg,Chicken Adobo
image_4007.jpg,Chicken Adobo
image_4008.jpg,Chicken Adobo
image_4009.jpg,Chicken Adobo
image_4010.jpg,Chicken Adobo
image_4011.jpg,Chicken Adobo
image_4012.jpg,Chicken Adobo
image_4013.jpg,Chicken Adobo
image_4014.jpg,Chicken Adobo
image_4015.jpg,Chicken Adobo
image_4016.jpg,Chicken Adobo
image_4017.jpg,Chicken Adobo
