image_4098.jpg,Ginataang Gulay_Kare-kare
image_4099.jpg,Ginataang Gulay_Kare-kare
image_4100.jpg,Ginataang Gulay_Kare-kare
image_4101.jpg,Ginataang Gulay_Kare-kare
image_4102.jpg,Ginataang Gulay_Kare-kare
image_4103.jpg,Ginataang Gulay_Kare-kare
image_4104.jpg,Ginataang Gulay_Kare-kare
image_4105.jpg,Ginataang Gulay_Kare-kare
image_4106.jpg,Ginataang Gulay_Kare-kare
image_4107.jpg,Ginataang Gulay_Kare-kare
image_4108.jpg,Ginataang Gulay_Kare-kare
image_4109.jpg,Ginataang Gulay_Kare-kare
image_4110.jpg,Ginataang Gulay_Kare-kare
image_4111.jpg,Ginataang Gulay_Kare-kare
image_4112.jpg,Ginataang Gulay_Kare-kare
image_4113.jpg,Ginataang Gulay_Kare-kare
image_4114.jpg,Ginataang Gulay_Kare-kare
image_4115.jpg,Ginataang Gulay_Kare-kare
image_4116.jpg,Ginataang Gulay_Kare-kare
image_4117.jpg,Ginataang Gulay_Kare-kare
image_4118.jpg,Ginataang Gulay_Kare-kare
image_4119.jpg,Ginataang Gulay_Kare-kare
image_4120.jpg,Ginataang Gulay_Kare-kare
image_4121.jpg,Ginataang Gulay_Kare-kare
image_4122.jpg,Ginataang Gulay_Kare-kare
image_4123.jpg,Ginataang Gulay_Kare-kare
image_4124.jpg,Ginataang Gulay_Kare-kare
image_4125.jpg,Ginataang Gulay_Kare-kare
image_4126.jpg,Ginataang Gulay_Kare-kare
image_4127.jpg,Ginataang Gulay_Kare-kare
image_4128.jpg,Ginataang Gulay_Kare-kare
image_4129.jpg,Ginataang Gulay_Kare-kare
image_4130.jpg,Ginataang Gulay_Kare-kare
image_4131.jpg,Ginataang Gulay_Kare-kare
image_4132.jpg,Ginataang Gulay_Kare-kare
image_4133.jpg,Ginataang Gulay_Kare-kare
image_4134.jpg,Ginataang Gulay_Kare-kare
image_4135.jpg,Ginataang Gulay_Kare-kare
image_4136.jpg,Ginataang Gulay_Kare-kare
image_4137.jpg,Ginataang Gulay_Kare-kare
image_4138.jpg,Ginataang Gulay_Kare-kare
image_4139.jpg,Ginataang Gulay_Kare-kare
image_4140.jpg,Ginataang Gulay_Kare-kare
image_4141.jpg,Ginataang Gulay_Kare-kare
image_4142.jpg,Ginataang Gulay_Kare-kare
image_4143.jpg,Ginataang Gulay_Kare-kare
image_4144.jpg,Ginataang Gulay_Kare-kare
image_4145.jpg,Ginataang Gulay_Kare-kare
image_4146.jpg,Ginataang Gulay_Kare-kare
image_4147.jpg,Ginataang Gulay_Kare-kare
image_4148.jpg,Ginataang Gulay_Kare-kare
image_4149.jpg,Ginataang Gulay_Kare-kare
image_4150.jpg,Ginataang Gulay_Kare-kare
image_4151.jpg,Ginataang Gulay_Kare-kare
image_4152.jpg,Ginataang Gulay_Kare-kare
image_4153.jpg,Ginataang Gulay_Kare-kare
image_4154.jpg,Ginataang Gulay_Kare-kare
image_4155.jpg,Ginataang Gulay_Kare-kare
image_4156.jpg,Ginataang Gulay_Kare-kare
image_4157.jpg,Ginataang Gulay_Kare-kare
image_4158.jpg,Ginataang Gulay_Kare-kare
image_4159.jpg,Ginataang Gulay_Kare-kare
image_4160.jpg,Ginataang Gulay_Kare-kare
image_4161.jpg,Ginataang Gulay_Kare-kare
image_4162.jpg,Ginataang Gulay_Kare-kare
image_4163.jpg,Ginataang Gulay_Kare-kare
image_4164.jpg,Ginataang Gulay_Kare-kare
image_4165.jpg,Ginataang Gulay_Kare-kare
image_4166.jpg,Ginataang Gulay_Kare-kare
image_4167.jpg,Ginataang Gulay_Kare-kare
image_4168.jpg,Ginataang Gulay_Kare-kare
image_4169.jpg,Ginataang Gulay_Kare-kare
image_4170.jpg,Ginataang Gulay_Kare-kare
image_4171.jpg,Ginataang Gulay_Kare-kare
image_4172.jpg,Ginataang Gulay_Kare-kare
image_4173.jpg,Ginataang Gulay_Kare-kare
image_4174.jpg,Ginataang Gulay_Kare-kare
image_4175.jpg,Ginataang Gulay_Kare-kare
image_4176.jpg,Ginataang Gulay_Kare-kare
image_4177.jpg,Ginataang Gulay_Kare-kare
