image_4178.jpg,Halo-halo
image_4179.jpg,Halo-halo
image_4180.jpg,Halo-halo
image_4181.jpg,Halo-halo
image_4182.jpg,Halo-halo
image_4183.jpg,Halo-halo
image_4184.jpg,Halo-halo
image_4185.jpg,Halo-halo
image_4186.jpg,Halo-halo
image_4187.jpg,Halo-halo
image_4188.jpg,Halo-halo
image_4189.jpg,Halo-halo
image_4190.jpg,Halo-halo
image_4191.jpg,Halo-halo
image_4192.jpg,Halo-halo
image_4193.jpg,Halo-halo
image_4194.jpg,Halo-halo
image_4195.jpg,Halo-halo
image_4196.jpg,Halo-halo
image_4197.jpg,Halo-halo
image_4198.jpg,Halo-halo
image_4199.jpg,Halo-halo
image_4200.jpg,Halo-halo
image_4201.jpg,Halo-halo
image_4202.jpg,Halo-halo
image_4203.jpg,Halo-halo
image_4204.jpg,Halo-halo
image_4205.jpg,Halo-halo
image_4206.jpg,Halo-halo
image_4207.jpg,Halo-halo
image_4208.jpg,Halo-halo
image_4209.jpg,Halo-halo
image_4210.jpg,Halo-halo
image_4211.jpg,Halo-halo
image_4212.jpg,Halo-halo
image_4213.jpg,Halo-halo
image_4214.jpg,Halo-halo
image_4215.jpg,Halo-halo
image_4216.jpg,Halo-halo
image_4217.jpg,Halo-halo
image_4218.jpg,Halo-halo
image_4219.jpg,Halo-halo
image_4220.jpg,Halo-halo
image_4221.jpg,Halo-halo
image_4222.jpg,Halo-halo
image_4223.jpg,Halo-halo
image_4224.jpg,Halo-halo
image_4225.jpg,Halo-halo
image_4226.jpg,Halo-halo
image_4227.jpg,Halo-halo
image_4228.jpg,Halo-halo
image_4229.jpg,Halo-halo
image_4230.jpg,Halo-halo
image_4231.jpg,Halo-halo
image_4232.jpg,Halo-halo
image_4233.jpg,Halo-halo
image_4234.jpg,Halo-halo
image_4235.jpg,Halo-halo
image_4236.jpg,Halo-halo
image_4237.jpg,Halo-halo
image_4238.jpg,Halo-halo
image_4239.jpg,Halo-halo
image_4240.jpg,Halo-halo
image_4241.jpg,Halo-halo
image_4242.jpg,Halo-halo
image_4243.jpg,Halo-halo
image_4244.jpg,Halo-halo
image_4245.jpg,Halo-halo
image_4246.jpg,Halo-halo
image_4247.jpg,Halo-halo
image_4248.jpg,Halo-halo
image_4249.jpg,Halo-halo
image_4250.jpg,Halo-halo
image_4251.jpg,Halo-halo
image_4252.jpg,Halo-halo
image_4253.jpg,Halo-halo
image_4254.jpg,Halo-halo
image_4255.jpg,Halo-halo
image_4256.jpg,Halo-halo
image_4257.jpg,Halo-halo
